"filename", "language", "JSON", "Markdown", "JavaScript", "XML", "YAML", "Ignore", "Docker", "TypeScript", "TypeScript React", "SCSS", "CSS", "HTML", "comment", "blank", "total"
"/home/keyhan/Desktop/AsemanWeb/whiteboard/excalidraw-0.9.0/.eslintrc.json", "JSON", 6, 0, 0, 0, 0, 0, 0, 0, 0, 0, 0, 0, 0, 1, 7
"/home/keyhan/Desktop/AsemanWeb/whiteboard/excalidraw-0.9.0/.github/FUNDING.yml", "YAML", 0, 0, 0, 0, 1, 0, 0, 0, 0, 0, 0, 0, 0, 1, 2
"/home/keyhan/Desktop/AsemanWeb/whiteboard/excalidraw-0.9.0/.github/assets/crowdin.svg", "XML", 0, 0, 0, 6, 0, 0, 0, 0, 0, 0, 0, 0, 0, 1, 7
"/home/keyhan/Desktop/AsemanWeb/whiteboard/excalidraw-0.9.0/.github/assets/sentry.svg", "XML", 0, 0, 0, 9, 0, 0, 0, 0, 0, 0, 0, 0, 0, 1, 10
"/home/keyhan/Desktop/AsemanWeb/whiteboard/excalidraw-0.9.0/.github/assets/vercel.svg", "XML", 0, 0, 0, 3, 0, 0, 0, 0, 0, 0, 0, 0, 0, 1, 4
"/home/keyhan/Desktop/AsemanWeb/whiteboard/excalidraw-0.9.0/.github/dependabot.yml", "YAML", 0, 0, 0, 0, 32, 0, 0, 0, 0, 0, 0, 0, 0, 3, 35
"/home/keyhan/Desktop/AsemanWeb/whiteboard/excalidraw-0.9.0/.github/workflows/autorelease-excalidraw.yml", "YAML", 0, 0, 0, 0, 24, 0, 0, 0, 0, 0, 0, 0, 0, 3, 27
"/home/keyhan/Desktop/AsemanWeb/whiteboard/excalidraw-0.9.0/.github/workflows/build-docker.yml", "YAML", 0, 0, 0, 0, 11, 0, 0, 0, 0, 0, 0, 0, 0, 3, 14
"/home/keyhan/Desktop/AsemanWeb/whiteboard/excalidraw-0.9.0/.github/workflows/build-packages.yml", "YAML", 0, 0, 0, 0, 26, 0, 0, 0, 0, 0, 0, 0, 0, 4, 30
"/home/keyhan/Desktop/AsemanWeb/whiteboard/excalidraw-0.9.0/.github/workflows/cancel.yml", "YAML", 0, 0, 0, 0, 15, 0, 0, 0, 0, 0, 0, 0, 0, 3, 18
"/home/keyhan/Desktop/AsemanWeb/whiteboard/excalidraw-0.9.0/.github/workflows/lint.yml", "YAML", 0, 0, 0, 0, 17, 0, 0, 0, 0, 0, 0, 0, 0, 6, 23
"/home/keyhan/Desktop/AsemanWeb/whiteboard/excalidraw-0.9.0/.github/workflows/locales-coverage.yml", "YAML", 0, 0, 0, 0, 41, 0, 0, 0, 0, 0, 0, 0, 0, 7, 48
"/home/keyhan/Desktop/AsemanWeb/whiteboard/excalidraw-0.9.0/.github/workflows/publish-docker.yml", "YAML", 0, 0, 0, 0, 17, 0, 0, 0, 0, 0, 0, 0, 0, 4, 21
"/home/keyhan/Desktop/AsemanWeb/whiteboard/excalidraw-0.9.0/.github/workflows/semantic-pr-title.yml", "YAML", 0, 0, 0, 0, 14, 0, 0, 0, 0, 0, 0, 0, 0, 3, 17
"/home/keyhan/Desktop/AsemanWeb/whiteboard/excalidraw-0.9.0/.github/workflows/sentry-production.yml", "YAML", 0, 0, 0, 0, 35, 0, 0, 0, 0, 0, 0, 0, 0, 3, 38
"/home/keyhan/Desktop/AsemanWeb/whiteboard/excalidraw-0.9.0/.github/workflows/test.yml", "YAML", 0, 0, 0, 0, 15, 0, 0, 0, 0, 0, 0, 0, 0, 3, 18
"/home/keyhan/Desktop/AsemanWeb/whiteboard/excalidraw-0.9.0/.lintstagedrc.js", "JavaScript", 0, 0, 10, 0, 0, 0, 0, 0, 0, 0, 0, 0, 2, 3, 15
"/home/keyhan/Desktop/AsemanWeb/whiteboard/excalidraw-0.9.0/.prettierignore", "Ignore", 0, 0, 0, 0, 0, 0, 0, 0, 0, 0, 0, 0, 0, 1, 1
"/home/keyhan/Desktop/AsemanWeb/whiteboard/excalidraw-0.9.0/.watchmanconfig", "JSON", 1, 0, 0, 0, 0, 0, 0, 0, 0, 0, 0, 0, 0, 1, 2
"/home/keyhan/Desktop/AsemanWeb/whiteboard/excalidraw-0.9.0/CHANGELOG.md", "Markdown", 0, 2, 0, 0, 0, 0, 0, 0, 0, 0, 0, 0, 0, 2, 4
"/home/keyhan/Desktop/AsemanWeb/whiteboard/excalidraw-0.9.0/CONTRIBUTING.md", "Markdown", 0, 44, 0, 0, 0, 0, 0, 0, 0, 0, 0, 0, 0, 20, 64
"/home/keyhan/Desktop/AsemanWeb/whiteboard/excalidraw-0.9.0/Dockerfile", "Docker", 0, 0, 0, 0, 0, 0, 10, 0, 0, 0, 0, 0, 0, 8, 18
"/home/keyhan/Desktop/AsemanWeb/whiteboard/excalidraw-0.9.0/README.md", "Markdown", 0, 104, 0, 0, 0, 0, 0, 0, 0, 0, 0, 0, 0, 61, 165
"/home/keyhan/Desktop/AsemanWeb/whiteboard/excalidraw-0.9.0/crowdin.yml", "YAML", 0, 0, 0, 0, 3, 0, 0, 0, 0, 0, 0, 0, 0, 1, 4
"/home/keyhan/Desktop/AsemanWeb/whiteboard/excalidraw-0.9.0/docker-compose.yml", "YAML", 0, 0, 0, 0, 23, 0, 0, 0, 0, 0, 0, 0, 0, 3, 26
"/home/keyhan/Desktop/AsemanWeb/whiteboard/excalidraw-0.9.0/firebase-project/firebase.json", "JSON", 9, 0, 0, 0, 0, 0, 0, 0, 0, 0, 0, 0, 0, 1, 10
"/home/keyhan/Desktop/AsemanWeb/whiteboard/excalidraw-0.9.0/firebase-project/firestore.indexes.json", "JSON", 4, 0, 0, 0, 0, 0, 0, 0, 0, 0, 0, 0, 0, 1, 5
"/home/keyhan/Desktop/AsemanWeb/whiteboard/excalidraw-0.9.0/package.json", "JSON", 98, 0, 0, 0, 0, 0, 0, 0, 0, 0, 0, 0, 13, 0, 111
"/home/keyhan/Desktop/AsemanWeb/whiteboard/excalidraw-0.9.0/public/fonts.css", "CSS", 0, 0, 0, 0, 0, 0, 0, 0, 0, 0, 10, 0, 2, 2, 14
"/home/keyhan/Desktop/AsemanWeb/whiteboard/excalidraw-0.9.0/public/index.html", "HTML", 0, 0, 0, 0, 0, 0, 0, 0, 0, 0, 0, 161, 6, 19, 186
"/home/keyhan/Desktop/AsemanWeb/whiteboard/excalidraw-0.9.0/public/manifest.json", "JSON", 75, 0, 0, 0, 0, 0, 0, 0, 0, 0, 0, 0, 0, 1, 76
"/home/keyhan/Desktop/AsemanWeb/whiteboard/excalidraw-0.9.0/public/workbox/workbox-background-sync.prod.js", "JavaScript", 0, 0, 1, 0, 0, 0, 0, 0, 0, 0, 0, 0, 1, 1, 3
"/home/keyhan/Desktop/AsemanWeb/whiteboard/excalidraw-0.9.0/public/workbox/workbox-broadcast-update.prod.js", "JavaScript", 0, 0, 1, 0, 0, 0, 0, 0, 0, 0, 0, 0, 1, 1, 3
"/home/keyhan/Desktop/AsemanWeb/whiteboard/excalidraw-0.9.0/public/workbox/workbox-cacheable-response.prod.js", "JavaScript", 0, 0, 1, 0, 0, 0, 0, 0, 0, 0, 0, 0, 1, 1, 3
"/home/keyhan/Desktop/AsemanWeb/whiteboard/excalidraw-0.9.0/public/workbox/workbox-core.prod.js", "JavaScript", 0, 0, 1, 0, 0, 0, 0, 0, 0, 0, 0, 0, 1, 1, 3
"/home/keyhan/Desktop/AsemanWeb/whiteboard/excalidraw-0.9.0/public/workbox/workbox-expiration.prod.js", "JavaScript", 0, 0, 1, 0, 0, 0, 0, 0, 0, 0, 0, 0, 1, 1, 3
"/home/keyhan/Desktop/AsemanWeb/whiteboard/excalidraw-0.9.0/public/workbox/workbox-navigation-preload.prod.js", "JavaScript", 0, 0, 1, 0, 0, 0, 0, 0, 0, 0, 0, 0, 1, 1, 3
"/home/keyhan/Desktop/AsemanWeb/whiteboard/excalidraw-0.9.0/public/workbox/workbox-offline-ga.prod.js", "JavaScript", 0, 0, 1, 0, 0, 0, 0, 0, 0, 0, 0, 0, 1, 1, 3
"/home/keyhan/Desktop/AsemanWeb/whiteboard/excalidraw-0.9.0/public/workbox/workbox-precaching.prod.js", "JavaScript", 0, 0, 1, 0, 0, 0, 0, 0, 0, 0, 0, 0, 1, 1, 3
"/home/keyhan/Desktop/AsemanWeb/whiteboard/excalidraw-0.9.0/public/workbox/workbox-range-requests.prod.js", "JavaScript", 0, 0, 1, 0, 0, 0, 0, 0, 0, 0, 0, 0, 1, 1, 3
"/home/keyhan/Desktop/AsemanWeb/whiteboard/excalidraw-0.9.0/public/workbox/workbox-routing.prod.js", "JavaScript", 0, 0, 1, 0, 0, 0, 0, 0, 0, 0, 0, 0, 1, 1, 3
"/home/keyhan/Desktop/AsemanWeb/whiteboard/excalidraw-0.9.0/public/workbox/workbox-strategies.prod.js", "JavaScript", 0, 0, 1, 0, 0, 0, 0, 0, 0, 0, 0, 0, 1, 1, 3
"/home/keyhan/Desktop/AsemanWeb/whiteboard/excalidraw-0.9.0/public/workbox/workbox-streams.prod.js", "JavaScript", 0, 0, 1, 0, 0, 0, 0, 0, 0, 0, 0, 0, 1, 1, 3
"/home/keyhan/Desktop/AsemanWeb/whiteboard/excalidraw-0.9.0/public/workbox/workbox-sw.js", "JavaScript", 0, 0, 1, 0, 0, 0, 0, 0, 0, 0, 0, 0, 1, 1, 3
"/home/keyhan/Desktop/AsemanWeb/whiteboard/excalidraw-0.9.0/public/workbox/workbox-window.prod.es5.mjs", "JavaScript", 0, 0, 1, 0, 0, 0, 0, 0, 0, 0, 0, 0, 1, 1, 3
"/home/keyhan/Desktop/AsemanWeb/whiteboard/excalidraw-0.9.0/public/workbox/workbox-window.prod.mjs", "JavaScript", 0, 0, 1, 0, 0, 0, 0, 0, 0, 0, 0, 0, 1, 1, 3
"/home/keyhan/Desktop/AsemanWeb/whiteboard/excalidraw-0.9.0/public/workbox/workbox-window.prod.umd.js", "JavaScript", 0, 0, 1, 0, 0, 0, 0, 0, 0, 0, 0, 0, 1, 1, 3
"/home/keyhan/Desktop/AsemanWeb/whiteboard/excalidraw-0.9.0/scripts/autorelease.js", "JavaScript", 0, 0, 38, 0, 0, 0, 0, 0, 0, 0, 0, 0, 3, 11, 52
"/home/keyhan/Desktop/AsemanWeb/whiteboard/excalidraw-0.9.0/scripts/build-locales-coverage.js", "JavaScript", 0, 0, 24, 0, 0, 0, 0, 0, 0, 0, 0, 0, 0, 9, 33
"/home/keyhan/Desktop/AsemanWeb/whiteboard/excalidraw-0.9.0/scripts/build-node.js", "JavaScript", 0, 0, 22, 0, 0, 0, 0, 0, 0, 0, 0, 0, 14, 5, 41
"/home/keyhan/Desktop/AsemanWeb/whiteboard/excalidraw-0.9.0/scripts/build-version.js", "JavaScript", 0, 0, 51, 0, 0, 0, 0, 0, 0, 0, 0, 0, 1, 10, 62
"/home/keyhan/Desktop/AsemanWeb/whiteboard/excalidraw-0.9.0/scripts/locales-coverage-description.js", "JavaScript", 0, 0, 163, 0, 0, 0, 0, 0, 0, 0, 0, 0, 0, 11, 174
"/home/keyhan/Desktop/AsemanWeb/whiteboard/excalidraw-0.9.0/scripts/release.js", "JavaScript", 0, 0, 34, 0, 0, 0, 0, 0, 0, 0, 0, 0, 1, 5, 40
"/home/keyhan/Desktop/AsemanWeb/whiteboard/excalidraw-0.9.0/scripts/updateChangelog.js", "JavaScript", 0, 0, 88, 0, 0, 0, 0, 0, 0, 0, 0, 0, 1, 9, 98
"/home/keyhan/Desktop/AsemanWeb/whiteboard/excalidraw-0.9.0/scripts/updateReadme.js", "JavaScript", 0, 0, 17, 0, 0, 0, 0, 0, 0, 0, 0, 0, 4, 7, 28
"/home/keyhan/Desktop/AsemanWeb/whiteboard/excalidraw-0.9.0/src/actions/actionAddToLibrary.ts", "TypeScript", 0, 0, 0, 0, 0, 0, 0, 21, 0, 0, 0, 0, 0, 3, 24
"/home/keyhan/Desktop/AsemanWeb/whiteboard/excalidraw-0.9.0/src/actions/actionAlign.tsx", "TypeScript React", 0, 0, 0, 0, 0, 0, 0, 0, 196, 0, 0, 0, 0, 12, 208
"/home/keyhan/Desktop/AsemanWeb/whiteboard/excalidraw-0.9.0/src/actions/actionCanvas.tsx", "TypeScript React", 0, 0, 0, 0, 0, 0, 0, 0, 276, 0, 0, 0, 0, 15, 291
"/home/keyhan/Desktop/AsemanWeb/whiteboard/excalidraw-0.9.0/src/actions/actionClipboard.tsx", "TypeScript React", 0, 0, 0, 0, 0, 0, 0, 0, 114, 0, 0, 0, 1, 6, 121
"/home/keyhan/Desktop/AsemanWeb/whiteboard/excalidraw-0.9.0/src/actions/actionDeleteSelected.tsx", "TypeScript React", 0, 0, 0, 0, 0, 0, 0, 0, 136, 0, 0, 0, 4, 11, 151
"/home/keyhan/Desktop/AsemanWeb/whiteboard/excalidraw-0.9.0/src/actions/actionDistribute.tsx", "TypeScript React", 0, 0, 0, 0, 0, 0, 0, 0, 84, 0, 0, 0, 0, 8, 92
"/home/keyhan/Desktop/AsemanWeb/whiteboard/excalidraw-0.9.0/src/actions/actionDuplicateSelection.tsx", "TypeScript React", 0, 0, 0, 0, 0, 0, 0, 0, 141, 0, 0, 0, 2, 9, 152
"/home/keyhan/Desktop/AsemanWeb/whiteboard/excalidraw-0.9.0/src/actions/actionExport.tsx", "TypeScript React", 0, 0, 0, 0, 0, 0, 0, 0, 250, 0, 0, 0, 0, 12, 262
"/home/keyhan/Desktop/AsemanWeb/whiteboard/excalidraw-0.9.0/src/actions/actionFinalize.tsx", "TypeScript React", 0, 0, 0, 0, 0, 0, 0, 0, 162, 0, 0, 0, 4, 11, 177
"/home/keyhan/Desktop/AsemanWeb/whiteboard/excalidraw-0.9.0/src/actions/actionFlip.ts", "TypeScript", 0, 0, 0, 0, 0, 0, 0, 176, 0, 0, 0, 0, 12, 20, 208
"/home/keyhan/Desktop/AsemanWeb/whiteboard/excalidraw-0.9.0/src/actions/actionGroup.tsx", "TypeScript React", 0, 0, 0, 0, 0, 0, 0, 0, 180, 0, 0, 0, 5, 7, 192
"/home/keyhan/Desktop/AsemanWeb/whiteboard/excalidraw-0.9.0/src/actions/actionHistory.tsx", "TypeScript React", 0, 0, 0, 0, 0, 0, 0, 0, 94, 0, 0, 0, 0, 8, 102
"/home/keyhan/Desktop/AsemanWeb/whiteboard/excalidraw-0.9.0/src/actions/actionMenu.tsx", "TypeScript React", 0, 0, 0, 0, 0, 0, 0, 0, 85, 0, 0, 0, 0, 5, 90
"/home/keyhan/Desktop/AsemanWeb/whiteboard/excalidraw-0.9.0/src/actions/actionNavigate.tsx", "TypeScript React", 0, 0, 0, 0, 0, 0, 0, 0, 51, 0, 0, 0, 1, 7, 59
"/home/keyhan/Desktop/AsemanWeb/whiteboard/excalidraw-0.9.0/src/actions/actionProperties.tsx", "TypeScript React", 0, 0, 0, 0, 0, 0, 0, 0, 775, 0, 0, 0, 0, 23, 798
"/home/keyhan/Desktop/AsemanWeb/whiteboard/excalidraw-0.9.0/src/actions/actionSelectAll.ts", "TypeScript", 0, 0, 0, 0, 0, 0, 0, 30, 0, 0, 0, 0, 0, 2, 32
"/home/keyhan/Desktop/AsemanWeb/whiteboard/excalidraw-0.9.0/src/actions/actionStyles.ts", "TypeScript", 0, 0, 0, 0, 0, 0, 0, 72, 0, 0, 0, 0, 1, 4, 77
"/home/keyhan/Desktop/AsemanWeb/whiteboard/excalidraw-0.9.0/src/actions/actionToggleGridMode.tsx", "TypeScript React", 0, 0, 0, 0, 0, 0, 0, 0, 21, 0, 0, 0, 0, 2, 23
"/home/keyhan/Desktop/AsemanWeb/whiteboard/excalidraw-0.9.0/src/actions/actionToggleStats.tsx", "TypeScript React", 0, 0, 0, 0, 0, 0, 0, 0, 18, 0, 0, 0, 0, 2, 20
"/home/keyhan/Desktop/AsemanWeb/whiteboard/excalidraw-0.9.0/src/actions/actionToggleViewMode.tsx", "TypeScript React", 0, 0, 0, 0, 0, 0, 0, 0, 20, 0, 0, 0, 0, 2, 22
"/home/keyhan/Desktop/AsemanWeb/whiteboard/excalidraw-0.9.0/src/actions/actionToggleZenMode.tsx", "TypeScript React", 0, 0, 0, 0, 0, 0, 0, 0, 20, 0, 0, 0, 0, 3, 23
"/home/keyhan/Desktop/AsemanWeb/whiteboard/excalidraw-0.9.0/src/actions/actionZindex.tsx", "TypeScript React", 0, 0, 0, 0, 0, 0, 0, 0, 135, 0, 0, 0, 0, 5, 140
"/home/keyhan/Desktop/AsemanWeb/whiteboard/excalidraw-0.9.0/src/actions/index.ts", "TypeScript", 0, 0, 0, 0, 0, 0, 0, 69, 0, 0, 0, 0, 0, 14, 83
"/home/keyhan/Desktop/AsemanWeb/whiteboard/excalidraw-0.9.0/src/actions/manager.tsx", "TypeScript React", 0, 0, 0, 0, 0, 0, 0, 0, 129, 0, 0, 0, 6, 16, 151
"/home/keyhan/Desktop/AsemanWeb/whiteboard/excalidraw-0.9.0/src/actions/register.ts", "TypeScript", 0, 0, 0, 0, 0, 0, 0, 6, 0, 0, 0, 0, 0, 3, 9
"/home/keyhan/Desktop/AsemanWeb/whiteboard/excalidraw-0.9.0/src/actions/shortcuts.ts", "TypeScript", 0, 0, 0, 0, 0, 0, 0, 67, 0, 0, 0, 0, 1, 4, 72
"/home/keyhan/Desktop/AsemanWeb/whiteboard/excalidraw-0.9.0/src/actions/types.ts", "TypeScript", 0, 0, 0, 0, 0, 0, 0, 127, 0, 0, 0, 0, 1, 8, 136
"/home/keyhan/Desktop/AsemanWeb/whiteboard/excalidraw-0.9.0/src/align.ts", "TypeScript", 0, 0, 0, 0, 0, 0, 0, 81, 0, 0, 0, 0, 0, 15, 96
"/home/keyhan/Desktop/AsemanWeb/whiteboard/excalidraw-0.9.0/src/analytics.ts", "TypeScript", 0, 0, 0, 0, 0, 0, 0, 16, 0, 0, 0, 0, 2, 1, 19
"/home/keyhan/Desktop/AsemanWeb/whiteboard/excalidraw-0.9.0/src/appState.ts", "TypeScript", 0, 0, 0, 0, 0, 0, 0, 178, 0, 0, 0, 0, 7, 7, 192
"/home/keyhan/Desktop/AsemanWeb/whiteboard/excalidraw-0.9.0/src/bug-issue-template.js", "JavaScript", 0, 0, 8, 0, 0, 0, 0, 0, 0, 0, 0, 0, 0, 4, 12
"/home/keyhan/Desktop/AsemanWeb/whiteboard/excalidraw-0.9.0/src/charts.ts", "TypeScript", 0, 0, 0, 0, 0, 0, 0, 420, 0, 0, 0, 0, 7, 53, 480
"/home/keyhan/Desktop/AsemanWeb/whiteboard/excalidraw-0.9.0/src/clients.ts", "TypeScript", 0, 0, 0, 0, 0, 0, 0, 29, 0, 0, 0, 0, 2, 7, 38
"/home/keyhan/Desktop/AsemanWeb/whiteboard/excalidraw-0.9.0/src/clipboard.ts", "TypeScript", 0, 0, 0, 0, 0, 0, 0, 163, 0, 0, 0, 0, 21, 32, 216
"/home/keyhan/Desktop/AsemanWeb/whiteboard/excalidraw-0.9.0/src/colors.ts", "TypeScript", 0, 0, 0, 0, 0, 0, 0, 20, 0, 0, 0, 0, 0, 3, 23
"/home/keyhan/Desktop/AsemanWeb/whiteboard/excalidraw-0.9.0/src/components/Actions.tsx", "TypeScript React", 0, 0, 0, 0, 0, 0, 0, 0, 197, 0, 0, 0, 2, 17, 216
"/home/keyhan/Desktop/AsemanWeb/whiteboard/excalidraw-0.9.0/src/components/ActiveFile.scss", "SCSS", 0, 0, 0, 0, 0, 0, 0, 0, 0, 19, 0, 0, 0, 3, 22
"/home/keyhan/Desktop/AsemanWeb/whiteboard/excalidraw-0.9.0/src/components/ActiveFile.tsx", "TypeScript React", 0, 0, 0, 0, 0, 0, 0, 0, 26, 0, 0, 0, 0, 4, 30
"/home/keyhan/Desktop/AsemanWeb/whiteboard/excalidraw-0.9.0/src/components/App.tsx", "TypeScript React", 0, 0, 0, 0, 0, 0, 0, 0, 3860, 0, 0, 0, 198, 363, 4421
"/home/keyhan/Desktop/AsemanWeb/whiteboard/excalidraw-0.9.0/src/components/Avatar.scss", "SCSS", 0, 0, 0, 0, 0, 0, 0, 0, 0, 15, 0, 0, 0, 2, 17
"/home/keyhan/Desktop/AsemanWeb/whiteboard/excalidraw-0.9.0/src/components/Avatar.tsx", "TypeScript React", 0, 0, 0, 0, 0, 0, 0, 0, 17, 0, 0, 0, 0, 4, 21
"/home/keyhan/Desktop/AsemanWeb/whiteboard/excalidraw-0.9.0/src/components/BackgroundPickerAndDarkModeToggle.tsx", "TypeScript React", 0, 0, 0, 0, 0, 0, 0, 0, 19, 0, 0, 0, 0, 2, 21
"/home/keyhan/Desktop/AsemanWeb/whiteboard/excalidraw-0.9.0/src/components/ButtonIconCycle.tsx", "TypeScript React", 0, 0, 0, 0, 0, 0, 0, 0, 25, 0, 0, 0, 0, 4, 29
"/home/keyhan/Desktop/AsemanWeb/whiteboard/excalidraw-0.9.0/src/components/ButtonIconSelect.tsx", "TypeScript React", 0, 0, 0, 0, 0, 0, 0, 0, 31, 0, 0, 0, 1, 2, 34
"/home/keyhan/Desktop/AsemanWeb/whiteboard/excalidraw-0.9.0/src/components/ButtonSelect.tsx", "TypeScript React", 0, 0, 0, 0, 0, 0, 0, 0, 30, 0, 0, 0, 0, 2, 32
"/home/keyhan/Desktop/AsemanWeb/whiteboard/excalidraw-0.9.0/src/components/Card.scss", "SCSS", 0, 0, 0, 0, 0, 0, 0, 0, 0, 45, 0, 0, 0, 9, 54
"/home/keyhan/Desktop/AsemanWeb/whiteboard/excalidraw-0.9.0/src/components/Card.tsx", "TypeScript React", 0, 0, 0, 0, 0, 0, 0, 0, 18, 0, 0, 0, 0, 3, 21
"/home/keyhan/Desktop/AsemanWeb/whiteboard/excalidraw-0.9.0/src/components/CheckboxItem.scss", "SCSS", 0, 0, 0, 0, 0, 0, 0, 0, 0, 72, 0, 0, 0, 18, 90
"/home/keyhan/Desktop/AsemanWeb/whiteboard/excalidraw-0.9.0/src/components/CheckboxItem.tsx", "TypeScript React", 0, 0, 0, 0, 0, 0, 0, 0, 25, 0, 0, 0, 0, 3, 28
"/home/keyhan/Desktop/AsemanWeb/whiteboard/excalidraw-0.9.0/src/components/CollabButton.scss", "SCSS", 0, 0, 0, 0, 0, 0, 0, 0, 0, 27, 0, 0, 0, 4, 31
"/home/keyhan/Desktop/AsemanWeb/whiteboard/excalidraw-0.9.0/src/components/CollabButton.tsx", "TypeScript React", 0, 0, 0, 0, 0, 0, 0, 0, 37, 0, 0, 0, 0, 4, 41
"/home/keyhan/Desktop/AsemanWeb/whiteboard/excalidraw-0.9.0/src/components/ColorPicker.scss", "SCSS", 0, 0, 0, 0, 0, 0, 0, 0, 0, 206, 0, 0, 1, 44, 251
"/home/keyhan/Desktop/AsemanWeb/whiteboard/excalidraw-0.9.0/src/components/ColorPicker.tsx", "TypeScript React", 0, 0, 0, 0, 0, 0, 0, 0, 275, 0, 0, 0, 5, 18, 298
"/home/keyhan/Desktop/AsemanWeb/whiteboard/excalidraw-0.9.0/src/components/ContextMenu.scss", "SCSS", 0, 0, 0, 0, 0, 0, 0, 0, 0, 83, 0, 0, 0, 15, 98
"/home/keyhan/Desktop/AsemanWeb/whiteboard/excalidraw-0.9.0/src/components/ContextMenu.tsx", "TypeScript React", 0, 0, 0, 0, 0, 0, 0, 0, 124, 0, 0, 0, 0, 11, 135
"/home/keyhan/Desktop/AsemanWeb/whiteboard/excalidraw-0.9.0/src/components/DarkModeToggle.tsx", "TypeScript React", 0, 0, 0, 0, 0, 0, 0, 0, 42, 0, 0, 0, 2, 6, 50
"/home/keyhan/Desktop/AsemanWeb/whiteboard/excalidraw-0.9.0/src/components/Dialog.scss", "SCSS", 0, 0, 0, 0, 0, 0, 0, 0, 0, 63, 0, 0, 0, 12, 75
"/home/keyhan/Desktop/AsemanWeb/whiteboard/excalidraw-0.9.0/src/components/Dialog.tsx", "TypeScript React", 0, 0, 0, 0, 0, 0, 0, 0, 87, 0, 0, 0, 1, 13, 101
"/home/keyhan/Desktop/AsemanWeb/whiteboard/excalidraw-0.9.0/src/components/ErrorDialog.tsx", "TypeScript React", 0, 0, 0, 0, 0, 0, 0, 0, 34, 0, 0, 0, 1, 6, 41
"/home/keyhan/Desktop/AsemanWeb/whiteboard/excalidraw-0.9.0/src/components/ExportDialog.scss", "SCSS", 0, 0, 0, 0, 0, 0, 0, 0, 0, 98, 0, 0, 0, 22, 120
"/home/keyhan/Desktop/AsemanWeb/whiteboard/excalidraw-0.9.0/src/components/FixedSideContainer.scss", "SCSS", 0, 0, 0, 0, 0, 0, 0, 0, 0, 18, 0, 0, 15, 5, 38
"/home/keyhan/Desktop/AsemanWeb/whiteboard/excalidraw-0.9.0/src/components/FixedSideContainer.tsx", "TypeScript React", 0, 0, 0, 0, 0, 0, 0, 0, 23, 0, 0, 0, 0, 4, 27
"/home/keyhan/Desktop/AsemanWeb/whiteboard/excalidraw-0.9.0/src/components/HelpDialog.scss", "SCSS", 0, 0, 0, 0, 0, 0, 0, 0, 0, 49, 0, 0, 0, 8, 57
"/home/keyhan/Desktop/AsemanWeb/whiteboard/excalidraw-0.9.0/src/components/HelpDialog.tsx", "TypeScript React", 0, 0, 0, 0, 0, 0, 0, 0, 380, 0, 0, 0, 0, 11, 391
"/home/keyhan/Desktop/AsemanWeb/whiteboard/excalidraw-0.9.0/src/components/HelpIcon.tsx", "TypeScript React", 0, 0, 0, 0, 0, 0, 0, 0, 19, 0, 0, 0, 0, 3, 22
"/home/keyhan/Desktop/AsemanWeb/whiteboard/excalidraw-0.9.0/src/components/HintViewer.scss", "SCSS", 0, 0, 0, 0, 0, 0, 0, 0, 0, 28, 0, 0, 1, 5, 34
"/home/keyhan/Desktop/AsemanWeb/whiteboard/excalidraw-0.9.0/src/components/HintViewer.tsx", "TypeScript React", 0, 0, 0, 0, 0, 0, 0, 0, 73, 0, 0, 0, 0, 15, 88
"/home/keyhan/Desktop/AsemanWeb/whiteboard/excalidraw-0.9.0/src/components/IconPicker.scss", "SCSS", 0, 0, 0, 0, 0, 0, 0, 0, 0, 121, 0, 0, 0, 23, 144
"/home/keyhan/Desktop/AsemanWeb/whiteboard/excalidraw-0.9.0/src/components/IconPicker.tsx", "TypeScript React", 0, 0, 0, 0, 0, 0, 0, 0, 170, 0, 0, 0, 9, 11, 190
"/home/keyhan/Desktop/AsemanWeb/whiteboard/excalidraw-0.9.0/src/components/ImageExportDialog.tsx", "TypeScript React", 0, 0, 0, 0, 0, 0, 0, 0, 253, 0, 0, 0, 4, 15, 272
"/home/keyhan/Desktop/AsemanWeb/whiteboard/excalidraw-0.9.0/src/components/InitializeApp.tsx", "TypeScript React", 0, 0, 0, 0, 0, 0, 0, 0, 26, 0, 0, 0, 0, 5, 31
"/home/keyhan/Desktop/AsemanWeb/whiteboard/excalidraw-0.9.0/src/components/Island.scss", "SCSS", 0, 0, 0, 0, 0, 0, 0, 0, 0, 14, 0, 0, 0, 2, 16
"/home/keyhan/Desktop/AsemanWeb/whiteboard/excalidraw-0.9.0/src/components/Island.tsx", "TypeScript React", 0, 0, 0, 0, 0, 0, 0, 0, 20, 0, 0, 0, 0, 4, 24
"/home/keyhan/Desktop/AsemanWeb/whiteboard/excalidraw-0.9.0/src/components/JSONExportDialog.tsx", "TypeScript React", 0, 0, 0, 0, 0, 0, 0, 0, 121, 0, 0, 0, 0, 7, 128
"/home/keyhan/Desktop/AsemanWeb/whiteboard/excalidraw-0.9.0/src/components/LayerUI.scss", "SCSS", 0, 0, 0, 0, 0, 0, 0, 0, 0, 102, 0, 0, 2, 21, 125
"/home/keyhan/Desktop/AsemanWeb/whiteboard/excalidraw-0.9.0/src/components/LayerUI.tsx", "TypeScript React", 0, 0, 0, 0, 0, 0, 0, 0, 749, 0, 0, 0, 6, 40, 795
"/home/keyhan/Desktop/AsemanWeb/whiteboard/excalidraw-0.9.0/src/components/LibraryButton.tsx", "TypeScript React", 0, 0, 0, 0, 0, 0, 0, 0, 44, 0, 0, 0, 0, 3, 47
"/home/keyhan/Desktop/AsemanWeb/whiteboard/excalidraw-0.9.0/src/components/LibraryUnit.scss", "SCSS", 0, 0, 0, 0, 0, 0, 0, 0, 0, 69, 0, 0, 0, 11, 80
"/home/keyhan/Desktop/AsemanWeb/whiteboard/excalidraw-0.9.0/src/components/LibraryUnit.tsx", "TypeScript React", 0, 0, 0, 0, 0, 0, 0, 0, 97, 0, 0, 0, 1, 8, 106
"/home/keyhan/Desktop/AsemanWeb/whiteboard/excalidraw-0.9.0/src/components/LoadingMessage.tsx", "TypeScript React", 0, 0, 0, 0, 0, 0, 0, 0, 9, 0, 0, 0, 1, 2, 12
"/home/keyhan/Desktop/AsemanWeb/whiteboard/excalidraw-0.9.0/src/components/LockButton.tsx", "TypeScript React", 0, 0, 0, 0, 0, 0, 0, 0, 61, 0, 0, 0, 0, 7, 68
"/home/keyhan/Desktop/AsemanWeb/whiteboard/excalidraw-0.9.0/src/components/MobileMenu.tsx", "TypeScript React", 0, 0, 0, 0, 0, 0, 0, 0, 209, 0, 0, 0, 1, 5, 215
"/home/keyhan/Desktop/AsemanWeb/whiteboard/excalidraw-0.9.0/src/components/Modal.scss", "SCSS", 0, 0, 0, 0, 0, 0, 0, 0, 0, 85, 0, 0, 1, 15, 101
"/home/keyhan/Desktop/AsemanWeb/whiteboard/excalidraw-0.9.0/src/components/Modal.tsx", "TypeScript React", 0, 0, 0, 0, 0, 0, 0, 0, 77, 0, 0, 0, 0, 16, 93
"/home/keyhan/Desktop/AsemanWeb/whiteboard/excalidraw-0.9.0/src/components/PasteChartDialog.scss", "SCSS", 0, 0, 0, 0, 0, 0, 0, 0, 0, 45, 0, 0, 0, 2, 47
"/home/keyhan/Desktop/AsemanWeb/whiteboard/excalidraw-0.9.0/src/components/PasteChartDialog.tsx", "TypeScript React", 0, 0, 0, 0, 0, 0, 0, 0, 113, 0, 0, 0, 0, 13, 126
"/home/keyhan/Desktop/AsemanWeb/whiteboard/excalidraw-0.9.0/src/components/Popover.scss", "SCSS", 0, 0, 0, 0, 0, 0, 0, 0, 0, 6, 0, 0, 0, 1, 7
"/home/keyhan/Desktop/AsemanWeb/whiteboard/excalidraw-0.9.0/src/components/Popover.tsx", "TypeScript React", 0, 0, 0, 0, 0, 0, 0, 0, 49, 0, 0, 0, 1, 7, 57
"/home/keyhan/Desktop/AsemanWeb/whiteboard/excalidraw-0.9.0/src/components/ProjectName.scss", "SCSS", 0, 0, 0, 0, 0, 0, 0, 0, 0, 23, 0, 0, 0, 3, 26
"/home/keyhan/Desktop/AsemanWeb/whiteboard/excalidraw-0.9.0/src/components/ProjectName.tsx", "TypeScript React", 0, 0, 0, 0, 0, 0, 0, 0, 52, 0, 0, 0, 0, 8, 60
"/home/keyhan/Desktop/AsemanWeb/whiteboard/excalidraw-0.9.0/src/components/Section.tsx", "TypeScript React", 0, 0, 0, 0, 0, 0, 0, 0, 27, 0, 0, 0, 0, 3, 30
"/home/keyhan/Desktop/AsemanWeb/whiteboard/excalidraw-0.9.0/src/components/Stack.scss", "SCSS", 0, 0, 0, 0, 0, 0, 0, 0, 0, 17, 0, 0, 0, 3, 20
"/home/keyhan/Desktop/AsemanWeb/whiteboard/excalidraw-0.9.0/src/components/Stack.tsx", "TypeScript React", 0, 0, 0, 0, 0, 0, 0, 0, 57, 0, 0, 0, 0, 6, 63
"/home/keyhan/Desktop/AsemanWeb/whiteboard/excalidraw-0.9.0/src/components/Stats.scss", "SCSS", 0, 0, 0, 0, 0, 0, 0, 0, 0, 47, 0, 0, 0, 7, 54
"/home/keyhan/Desktop/AsemanWeb/whiteboard/excalidraw-0.9.0/src/components/Stats.tsx", "TypeScript React", 0, 0, 0, 0, 0, 0, 0, 0, 109, 0, 0, 0, 0, 7, 116
"/home/keyhan/Desktop/AsemanWeb/whiteboard/excalidraw-0.9.0/src/components/TextInput.scss", "SCSS", 0, 0, 0, 0, 0, 0, 0, 0, 0, 22, 0, 0, 0, 4, 26
"/home/keyhan/Desktop/AsemanWeb/whiteboard/excalidraw-0.9.0/src/components/Toast.scss", "SCSS", 0, 0, 0, 0, 0, 0, 0, 0, 0, 30, 0, 0, 0, 4, 34
"/home/keyhan/Desktop/AsemanWeb/whiteboard/excalidraw-0.9.0/src/components/Toast.tsx", "TypeScript React", 0, 0, 0, 0, 0, 0, 0, 0, 30, 0, 0, 0, 0, 5, 35
"/home/keyhan/Desktop/AsemanWeb/whiteboard/excalidraw-0.9.0/src/components/ToolButton.tsx", "TypeScript React", 0, 0, 0, 0, 0, 0, 0, 0, 112, 0, 0, 0, 0, 10, 122
"/home/keyhan/Desktop/AsemanWeb/whiteboard/excalidraw-0.9.0/src/components/ToolIcon.scss", "SCSS", 0, 0, 0, 0, 0, 0, 0, 0, 0, 189, 0, 0, 3, 44, 236
"/home/keyhan/Desktop/AsemanWeb/whiteboard/excalidraw-0.9.0/src/components/Tooltip.scss", "SCSS", 0, 0, 0, 0, 0, 0, 0, 0, 0, 32, 0, 0, 0, 8, 40
"/home/keyhan/Desktop/AsemanWeb/whiteboard/excalidraw-0.9.0/src/components/Tooltip.tsx", "TypeScript React", 0, 0, 0, 0, 0, 0, 0, 0, 78, 0, 0, 0, 0, 15, 93
"/home/keyhan/Desktop/AsemanWeb/whiteboard/excalidraw-0.9.0/src/components/TopErrorBoundary.tsx", "TypeScript React", 0, 0, 0, 0, 0, 0, 0, 0, 126, 0, 0, 0, 0, 11, 137
"/home/keyhan/Desktop/AsemanWeb/whiteboard/excalidraw-0.9.0/src/components/UserList.scss", "SCSS", 0, 0, 0, 0, 0, 0, 0, 0, 0, 21, 0, 0, 1, 4, 26
"/home/keyhan/Desktop/AsemanWeb/whiteboard/excalidraw-0.9.0/src/components/UserList.tsx", "TypeScript React", 0, 0, 0, 0, 0, 0, 0, 0, 15, 0, 0, 0, 0, 4, 19
"/home/keyhan/Desktop/AsemanWeb/whiteboard/excalidraw-0.9.0/src/components/icons.tsx", "TypeScript React", 0, 0, 0, 0, 0, 0, 0, 0, 799, 0, 0, 0, 16, 77, 892
"/home/keyhan/Desktop/AsemanWeb/whiteboard/excalidraw-0.9.0/src/constants.ts", "TypeScript", 0, 0, 0, 0, 0, 0, 0, 122, 0, 0, 0, 0, 4, 25, 151
"/home/keyhan/Desktop/AsemanWeb/whiteboard/excalidraw-0.9.0/src/createInverseContext.tsx", "TypeScript React", 0, 0, 0, 0, 0, 0, 0, 0, 38, 0, 0, 0, 0, 5, 43
"/home/keyhan/Desktop/AsemanWeb/whiteboard/excalidraw-0.9.0/src/css.d.ts", "TypeScript", 0, 0, 0, 0, 0, 0, 0, 9, 0, 0, 0, 0, 0, 2, 11
"/home/keyhan/Desktop/AsemanWeb/whiteboard/excalidraw-0.9.0/src/css/app.scss", "SCSS", 0, 0, 0, 0, 0, 0, 0, 0, 0, 28, 0, 0, 0, 3, 31
"/home/keyhan/Desktop/AsemanWeb/whiteboard/excalidraw-0.9.0/src/css/styles.scss", "SCSS", 0, 0, 0, 0, 0, 0, 0, 0, 0, 470, 0, 0, 13, 102, 585
"/home/keyhan/Desktop/AsemanWeb/whiteboard/excalidraw-0.9.0/src/css/theme.scss", "SCSS", 0, 0, 0, 0, 0, 0, 0, 0, 0, 72, 0, 0, 0, 5, 77
"/home/keyhan/Desktop/AsemanWeb/whiteboard/excalidraw-0.9.0/src/css/variables.module.scss", "SCSS", 0, 0, 0, 0, 0, 0, 0, 0, 0, 10, 0, 0, 0, 4, 14
"/home/keyhan/Desktop/AsemanWeb/whiteboard/excalidraw-0.9.0/src/data/blob.ts", "TypeScript", 0, 0, 0, 0, 0, 0, 0, 139, 0, 0, 0, 0, 1, 8, 148
"/home/keyhan/Desktop/AsemanWeb/whiteboard/excalidraw-0.9.0/src/data/encode.ts", "TypeScript", 0, 0, 0, 0, 0, 0, 0, 80, 0, 0, 0, 0, 22, 15, 117
"/home/keyhan/Desktop/AsemanWeb/whiteboard/excalidraw-0.9.0/src/data/image.ts", "TypeScript", 0, 0, 0, 0, 0, 0, 0, 114, 0, 0, 0, 0, 10, 13, 137
"/home/keyhan/Desktop/AsemanWeb/whiteboard/excalidraw-0.9.0/src/data/index.ts", "TypeScript", 0, 0, 0, 0, 0, 0, 0, 88, 0, 0, 0, 0, 0, 6, 94
"/home/keyhan/Desktop/AsemanWeb/whiteboard/excalidraw-0.9.0/src/data/json.ts", "TypeScript", 0, 0, 0, 0, 0, 0, 0, 99, 0, 0, 0, 0, 16, 11, 126
"/home/keyhan/Desktop/AsemanWeb/whiteboard/excalidraw-0.9.0/src/data/library.ts", "TypeScript", 0, 0, 0, 0, 0, 0, 0, 89, 0, 0, 0, 0, 9, 18, 116
"/home/keyhan/Desktop/AsemanWeb/whiteboard/excalidraw-0.9.0/src/data/restore.ts", "TypeScript", 0, 0, 0, 0, 0, 0, 0, 229, 0, 0, 0, 0, 18, 18, 265
"/home/keyhan/Desktop/AsemanWeb/whiteboard/excalidraw-0.9.0/src/data/types.ts", "TypeScript", 0, 0, 0, 0, 0, 0, 0, 26, 0, 0, 0, 0, 0, 5, 31
"/home/keyhan/Desktop/AsemanWeb/whiteboard/excalidraw-0.9.0/src/disitrubte.ts", "TypeScript", 0, 0, 0, 0, 0, 0, 0, 104, 0, 0, 0, 0, 7, 26, 137
"/home/keyhan/Desktop/AsemanWeb/whiteboard/excalidraw-0.9.0/src/element/binding.ts", "TypeScript", 0, 0, 0, 0, 0, 0, 0, 601, 0, 0, 0, 0, 31, 35, 667
"/home/keyhan/Desktop/AsemanWeb/whiteboard/excalidraw-0.9.0/src/element/bounds.test.ts", "TypeScript", 0, 0, 0, 0, 0, 0, 0, 103, 0, 0, 0, 0, 0, 10, 113
"/home/keyhan/Desktop/AsemanWeb/whiteboard/excalidraw-0.9.0/src/element/bounds.ts", "TypeScript", 0, 0, 0, 0, 0, 0, 0, 407, 0, 0, 0, 0, 40, 67, 514
"/home/keyhan/Desktop/AsemanWeb/whiteboard/excalidraw-0.9.0/src/element/collision.ts", "TypeScript", 0, 0, 0, 0, 0, 0, 0, 717, 0, 0, 0, 0, 85, 96, 898
"/home/keyhan/Desktop/AsemanWeb/whiteboard/excalidraw-0.9.0/src/element/dragElements.ts", "TypeScript", 0, 0, 0, 0, 0, 0, 0, 89, 0, 0, 0, 0, 0, 10, 99
"/home/keyhan/Desktop/AsemanWeb/whiteboard/excalidraw-0.9.0/src/element/index.ts", "TypeScript", 0, 0, 0, 0, 0, 0, 0, 92, 0, 0, 0, 0, 0, 11, 103
"/home/keyhan/Desktop/AsemanWeb/whiteboard/excalidraw-0.9.0/src/element/linearElementEditor.ts", "TypeScript", 0, 0, 0, 0, 0, 0, 0, 459, 0, 0, 0, 0, 35, 48, 542
"/home/keyhan/Desktop/AsemanWeb/whiteboard/excalidraw-0.9.0/src/element/mutateElement.ts", "TypeScript", 0, 0, 0, 0, 0, 0, 0, 103, 0, 0, 0, 0, 13, 15, 131
"/home/keyhan/Desktop/AsemanWeb/whiteboard/excalidraw-0.9.0/src/element/newElement.test.ts", "TypeScript", 0, 0, 0, 0, 0, 0, 0, 82, 0, 0, 0, 0, 2, 14, 98
"/home/keyhan/Desktop/AsemanWeb/whiteboard/excalidraw-0.9.0/src/element/newElement.ts", "TypeScript", 0, 0, 0, 0, 0, 0, 0, 297, 0, 0, 0, 0, 21, 21, 339
"/home/keyhan/Desktop/AsemanWeb/whiteboard/excalidraw-0.9.0/src/element/resizeElements.ts", "TypeScript", 0, 0, 0, 0, 0, 0, 0, 713, 0, 0, 0, 0, 23, 38, 774
"/home/keyhan/Desktop/AsemanWeb/whiteboard/excalidraw-0.9.0/src/element/resizeTest.ts", "TypeScript", 0, 0, 0, 0, 0, 0, 0, 156, 0, 0, 0, 0, 3, 17, 176
"/home/keyhan/Desktop/AsemanWeb/whiteboard/excalidraw-0.9.0/src/element/showSelectedShapeActions.ts", "TypeScript", 0, 0, 0, 0, 0, 0, 0, 13, 0, 0, 0, 0, 0, 2, 15
"/home/keyhan/Desktop/AsemanWeb/whiteboard/excalidraw-0.9.0/src/element/sizeHelpers.test.ts", "TypeScript", 0, 0, 0, 0, 0, 0, 0, 47, 0, 0, 0, 0, 0, 3, 50
"/home/keyhan/Desktop/AsemanWeb/whiteboard/excalidraw-0.9.0/src/element/sizeHelpers.ts", "TypeScript", 0, 0, 0, 0, 0, 0, 0, 101, 0, 0, 0, 0, 3, 9, 113
"/home/keyhan/Desktop/AsemanWeb/whiteboard/excalidraw-0.9.0/src/element/textElement.ts", "TypeScript", 0, 0, 0, 0, 0, 0, 0, 11, 0, 0, 0, 0, 0, 2, 13
"/home/keyhan/Desktop/AsemanWeb/whiteboard/excalidraw-0.9.0/src/element/textWysiwyg.test.tsx", "TypeScript React", 0, 0, 0, 0, 0, 0, 0, 0, 120, 0, 0, 0, 18, 32, 170
"/home/keyhan/Desktop/AsemanWeb/whiteboard/excalidraw-0.9.0/src/element/textWysiwyg.tsx", "TypeScript React", 0, 0, 0, 0, 0, 0, 0, 0, 288, 0, 0, 0, 41, 43, 372
"/home/keyhan/Desktop/AsemanWeb/whiteboard/excalidraw-0.9.0/src/element/transformHandles.ts", "TypeScript", 0, 0, 0, 0, 0, 0, 0, 232, 0, 0, 0, 0, 3, 22, 257
"/home/keyhan/Desktop/AsemanWeb/whiteboard/excalidraw-0.9.0/src/element/typeChecks.ts", "TypeScript", 0, 0, 0, 0, 0, 0, 0, 78, 0, 0, 0, 0, 0, 11, 89
"/home/keyhan/Desktop/AsemanWeb/whiteboard/excalidraw-0.9.0/src/element/types.ts", "TypeScript", 0, 0, 0, 0, 0, 0, 0, 100, 0, 0, 0, 0, 18, 17, 135
"/home/keyhan/Desktop/AsemanWeb/whiteboard/excalidraw-0.9.0/src/errors.ts", "TypeScript", 0, 0, 0, 0, 0, 0, 0, 11, 0, 0, 0, 0, 0, 1, 12
"/home/keyhan/Desktop/AsemanWeb/whiteboard/excalidraw-0.9.0/src/excalidraw-app/CustomStats.tsx", "TypeScript React", 0, 0, 0, 0, 0, 0, 0, 0, 77, 0, 0, 0, 0, 9, 86
"/home/keyhan/Desktop/AsemanWeb/whiteboard/excalidraw-0.9.0/src/excalidraw-app/app_constants.ts", "TypeScript", 0, 0, 0, 0, 0, 0, 0, 11, 0, 0, 0, 0, 1, 3, 15
"/home/keyhan/Desktop/AsemanWeb/whiteboard/excalidraw-0.9.0/src/excalidraw-app/collab/CollabWrapper.tsx", "TypeScript React", 0, 0, 0, 0, 0, 0, 0, 0, 569, 0, 0, 0, 33, 75, 677
"/home/keyhan/Desktop/AsemanWeb/whiteboard/excalidraw-0.9.0/src/excalidraw-app/collab/Portal.tsx", "TypeScript React", 0, 0, 0, 0, 0, 0, 0, 0, 158, 0, 0, 0, 4, 19, 181
"/home/keyhan/Desktop/AsemanWeb/whiteboard/excalidraw-0.9.0/src/excalidraw-app/collab/RoomDialog.scss", "SCSS", 0, 0, 0, 0, 0, 0, 0, 0, 0, 68, 0, 0, 0, 10, 78
"/home/keyhan/Desktop/AsemanWeb/whiteboard/excalidraw-0.9.0/src/excalidraw-app/collab/RoomDialog.tsx", "TypeScript React", 0, 0, 0, 0, 0, 0, 0, 0, 171, 0, 0, 0, 1, 10, 182
"/home/keyhan/Desktop/AsemanWeb/whiteboard/excalidraw-0.9.0/src/excalidraw-app/components/ExportToExcalidrawPlus.tsx", "TypeScript React", 0, 0, 0, 0, 0, 0, 0, 0, 83, 0, 0, 0, 0, 10, 93
"/home/keyhan/Desktop/AsemanWeb/whiteboard/excalidraw-0.9.0/src/excalidraw-app/components/GitHubCorner.tsx", "TypeScript React", 0, 0, 0, 0, 0, 0, 0, 0, 42, 0, 0, 0, 1, 2, 45
"/home/keyhan/Desktop/AsemanWeb/whiteboard/excalidraw-0.9.0/src/excalidraw-app/components/LanguageList.tsx", "TypeScript React", 0, 0, 0, 0, 0, 0, 0, 0, 34, 0, 0, 0, 0, 2, 36
"/home/keyhan/Desktop/AsemanWeb/whiteboard/excalidraw-0.9.0/src/excalidraw-app/components/icons.tsx", "TypeScript React", 0, 0, 0, 0, 0, 0, 0, 0, 18, 0, 0, 0, 0, 2, 20
"/home/keyhan/Desktop/AsemanWeb/whiteboard/excalidraw-0.9.0/src/excalidraw-app/data/firebase.ts", "TypeScript", 0, 0, 0, 0, 0, 0, 0, 164, 0, 0, 0, 0, 7, 30, 201
"/home/keyhan/Desktop/AsemanWeb/whiteboard/excalidraw-0.9.0/src/excalidraw-app/data/index.ts", "TypeScript", 0, 0, 0, 0, 0, 0, 0, 281, 0, 0, 0, 0, 16, 35, 332
"/home/keyhan/Desktop/AsemanWeb/whiteboard/excalidraw-0.9.0/src/excalidraw-app/data/localStorage.ts", "TypeScript", 0, 0, 0, 0, 0, 0, 0, 110, 0, 0, 0, 0, 6, 14, 130
"/home/keyhan/Desktop/AsemanWeb/whiteboard/excalidraw-0.9.0/src/excalidraw-app/index.scss", "SCSS", 0, 0, 0, 0, 0, 0, 0, 0, 0, 15, 0, 0, 0, 3, 18
"/home/keyhan/Desktop/AsemanWeb/whiteboard/excalidraw-0.9.0/src/excalidraw-app/index.tsx", "TypeScript React", 0, 0, 0, 0, 0, 0, 0, 0, 422, 0, 0, 0, 15, 35, 472
"/home/keyhan/Desktop/AsemanWeb/whiteboard/excalidraw-0.9.0/src/excalidraw-app/pwa.ts", "TypeScript", 0, 0, 0, 0, 0, 0, 0, 26, 0, 0, 0, 0, 3, 3, 32
"/home/keyhan/Desktop/AsemanWeb/whiteboard/excalidraw-0.9.0/src/excalidraw-app/sentry.ts", "TypeScript", 0, 0, 0, 0, 0, 0, 0, 34, 0, 0, 0, 0, 1, 5, 40
"/home/keyhan/Desktop/AsemanWeb/whiteboard/excalidraw-0.9.0/src/ga.ts", "TypeScript", 0, 0, 0, 0, 0, 0, 0, 258, 0, 0, 0, 0, 31, 29, 318
"/home/keyhan/Desktop/AsemanWeb/whiteboard/excalidraw-0.9.0/src/gadirections.ts", "TypeScript", 0, 0, 0, 0, 0, 0, 0, 17, 0, 0, 0, 0, 4, 6, 27
"/home/keyhan/Desktop/AsemanWeb/whiteboard/excalidraw-0.9.0/src/galines.ts", "TypeScript", 0, 0, 0, 0, 0, 0, 0, 24, 0, 0, 0, 0, 17, 12, 53
"/home/keyhan/Desktop/AsemanWeb/whiteboard/excalidraw-0.9.0/src/gapoints.ts", "TypeScript", 0, 0, 0, 0, 0, 0, 0, 32, 0, 0, 0, 0, 2, 8, 42
"/home/keyhan/Desktop/AsemanWeb/whiteboard/excalidraw-0.9.0/src/gatransforms.ts", "TypeScript", 0, 0, 0, 0, 0, 0, 0, 31, 0, 0, 0, 0, 3, 8, 42
"/home/keyhan/Desktop/AsemanWeb/whiteboard/excalidraw-0.9.0/src/gesture.ts", "TypeScript", 0, 0, 0, 0, 0, 0, 0, 12, 0, 0, 0, 0, 0, 4, 16
"/home/keyhan/Desktop/AsemanWeb/whiteboard/excalidraw-0.9.0/src/global.d.ts", "TypeScript", 0, 0, 0, 0, 0, 0, 0, 66, 0, 0, 0, 0, 13, 15, 94
"/home/keyhan/Desktop/AsemanWeb/whiteboard/excalidraw-0.9.0/src/groups.ts", "TypeScript", 0, 0, 0, 0, 0, 0, 0, 131, 0, 0, 0, 0, 10, 20, 161
"/home/keyhan/Desktop/AsemanWeb/whiteboard/excalidraw-0.9.0/src/history.ts", "TypeScript", 0, 0, 0, 0, 0, 0, 0, 215, 0, 0, 0, 0, 15, 35, 265
"/home/keyhan/Desktop/AsemanWeb/whiteboard/excalidraw-0.9.0/src/hooks/useCallbackRefState.ts", "TypeScript", 0, 0, 0, 0, 0, 0, 0, 6, 0, 0, 0, 0, 0, 2, 8
"/home/keyhan/Desktop/AsemanWeb/whiteboard/excalidraw-0.9.0/src/i18n.ts", "TypeScript", 0, 0, 0, 0, 0, 0, 0, 116, 0, 0, 0, 0, 0, 15, 131
"/home/keyhan/Desktop/AsemanWeb/whiteboard/excalidraw-0.9.0/src/index-node.ts", "TypeScript", 0, 0, 0, 0, 0, 0, 0, 77, 0, 0, 0, 0, 0, 6, 83
"/home/keyhan/Desktop/AsemanWeb/whiteboard/excalidraw-0.9.0/src/index.tsx", "TypeScript React", 0, 0, 0, 0, 0, 0, 0, 0, 7, 0, 0, 0, 0, 3, 10
"/home/keyhan/Desktop/AsemanWeb/whiteboard/excalidraw-0.9.0/src/keys.ts", "TypeScript", 0, 0, 0, 0, 0, 0, 0, 70, 0, 0, 0, 0, 0, 9, 79
"/home/keyhan/Desktop/AsemanWeb/whiteboard/excalidraw-0.9.0/src/locales/README.md", "Markdown", 0, 7, 0, 0, 0, 0, 0, 0, 0, 0, 0, 0, 0, 6, 13
"/home/keyhan/Desktop/AsemanWeb/whiteboard/excalidraw-0.9.0/src/locales/ar-SA.json", "JSON", 286, 0, 0, 0, 0, 0, 0, 0, 0, 0, 0, 0, 0, 1, 287
"/home/keyhan/Desktop/AsemanWeb/whiteboard/excalidraw-0.9.0/src/locales/bg-BG.json", "JSON", 286, 0, 0, 0, 0, 0, 0, 0, 0, 0, 0, 0, 0, 1, 287
"/home/keyhan/Desktop/AsemanWeb/whiteboard/excalidraw-0.9.0/src/locales/ca-ES.json", "JSON", 286, 0, 0, 0, 0, 0, 0, 0, 0, 0, 0, 0, 0, 1, 287
"/home/keyhan/Desktop/AsemanWeb/whiteboard/excalidraw-0.9.0/src/locales/cs-CZ.json", "JSON", 286, 0, 0, 0, 0, 0, 0, 0, 0, 0, 0, 0, 0, 1, 287
"/home/keyhan/Desktop/AsemanWeb/whiteboard/excalidraw-0.9.0/src/locales/de-DE.json", "JSON", 286, 0, 0, 0, 0, 0, 0, 0, 0, 0, 0, 0, 0, 1, 287
"/home/keyhan/Desktop/AsemanWeb/whiteboard/excalidraw-0.9.0/src/locales/el-GR.json", "JSON", 286, 0, 0, 0, 0, 0, 0, 0, 0, 0, 0, 0, 0, 1, 287
"/home/keyhan/Desktop/AsemanWeb/whiteboard/excalidraw-0.9.0/src/locales/en.json", "JSON", 286, 0, 0, 0, 0, 0, 0, 0, 0, 0, 0, 0, 0, 1, 287
"/home/keyhan/Desktop/AsemanWeb/whiteboard/excalidraw-0.9.0/src/locales/es-ES.json", "JSON", 286, 0, 0, 0, 0, 0, 0, 0, 0, 0, 0, 0, 0, 1, 287
"/home/keyhan/Desktop/AsemanWeb/whiteboard/excalidraw-0.9.0/src/locales/fa-IR.json", "JSON", 286, 0, 0, 0, 0, 0, 0, 0, 0, 0, 0, 0, 0, 1, 287
"/home/keyhan/Desktop/AsemanWeb/whiteboard/excalidraw-0.9.0/src/locales/fi-FI.json", "JSON", 286, 0, 0, 0, 0, 0, 0, 0, 0, 0, 0, 0, 0, 1, 287
"/home/keyhan/Desktop/AsemanWeb/whiteboard/excalidraw-0.9.0/src/locales/fr-FR.json", "JSON", 286, 0, 0, 0, 0, 0, 0, 0, 0, 0, 0, 0, 0, 1, 287
"/home/keyhan/Desktop/AsemanWeb/whiteboard/excalidraw-0.9.0/src/locales/he-IL.json", "JSON", 286, 0, 0, 0, 0, 0, 0, 0, 0, 0, 0, 0, 0, 1, 287
"/home/keyhan/Desktop/AsemanWeb/whiteboard/excalidraw-0.9.0/src/locales/hi-IN.json", "JSON", 286, 0, 0, 0, 0, 0, 0, 0, 0, 0, 0, 0, 0, 1, 287
"/home/keyhan/Desktop/AsemanWeb/whiteboard/excalidraw-0.9.0/src/locales/hu-HU.json", "JSON", 286, 0, 0, 0, 0, 0, 0, 0, 0, 0, 0, 0, 0, 1, 287
"/home/keyhan/Desktop/AsemanWeb/whiteboard/excalidraw-0.9.0/src/locales/id-ID.json", "JSON", 286, 0, 0, 0, 0, 0, 0, 0, 0, 0, 0, 0, 0, 1, 287
"/home/keyhan/Desktop/AsemanWeb/whiteboard/excalidraw-0.9.0/src/locales/it-IT.json", "JSON", 286, 0, 0, 0, 0, 0, 0, 0, 0, 0, 0, 0, 0, 1, 287
"/home/keyhan/Desktop/AsemanWeb/whiteboard/excalidraw-0.9.0/src/locales/ja-JP.json", "JSON", 286, 0, 0, 0, 0, 0, 0, 0, 0, 0, 0, 0, 0, 1, 287
"/home/keyhan/Desktop/AsemanWeb/whiteboard/excalidraw-0.9.0/src/locales/kab-KAB.json", "JSON", 286, 0, 0, 0, 0, 0, 0, 0, 0, 0, 0, 0, 0, 1, 287
"/home/keyhan/Desktop/AsemanWeb/whiteboard/excalidraw-0.9.0/src/locales/kk-KZ.json", "JSON", 286, 0, 0, 0, 0, 0, 0, 0, 0, 0, 0, 0, 0, 1, 287
"/home/keyhan/Desktop/AsemanWeb/whiteboard/excalidraw-0.9.0/src/locales/ko-KR.json", "JSON", 286, 0, 0, 0, 0, 0, 0, 0, 0, 0, 0, 0, 0, 1, 287
"/home/keyhan/Desktop/AsemanWeb/whiteboard/excalidraw-0.9.0/src/locales/lv-LV.json", "JSON", 286, 0, 0, 0, 0, 0, 0, 0, 0, 0, 0, 0, 0, 1, 287
"/home/keyhan/Desktop/AsemanWeb/whiteboard/excalidraw-0.9.0/src/locales/my-MM.json", "JSON", 286, 0, 0, 0, 0, 0, 0, 0, 0, 0, 0, 0, 0, 1, 287
"/home/keyhan/Desktop/AsemanWeb/whiteboard/excalidraw-0.9.0/src/locales/nb-NO.json", "JSON", 286, 0, 0, 0, 0, 0, 0, 0, 0, 0, 0, 0, 0, 1, 287
"/home/keyhan/Desktop/AsemanWeb/whiteboard/excalidraw-0.9.0/src/locales/nl-NL.json", "JSON", 286, 0, 0, 0, 0, 0, 0, 0, 0, 0, 0, 0, 0, 1, 287
"/home/keyhan/Desktop/AsemanWeb/whiteboard/excalidraw-0.9.0/src/locales/nn-NO.json", "JSON", 286, 0, 0, 0, 0, 0, 0, 0, 0, 0, 0, 0, 0, 1, 287
"/home/keyhan/Desktop/AsemanWeb/whiteboard/excalidraw-0.9.0/src/locales/oc-FR.json", "JSON", 286, 0, 0, 0, 0, 0, 0, 0, 0, 0, 0, 0, 0, 1, 287
"/home/keyhan/Desktop/AsemanWeb/whiteboard/excalidraw-0.9.0/src/locales/pa-IN.json", "JSON", 286, 0, 0, 0, 0, 0, 0, 0, 0, 0, 0, 0, 0, 1, 287
"/home/keyhan/Desktop/AsemanWeb/whiteboard/excalidraw-0.9.0/src/locales/percentages.json", "JSON", 40, 0, 0, 0, 0, 0, 0, 0, 0, 0, 0, 0, 0, 1, 41
"/home/keyhan/Desktop/AsemanWeb/whiteboard/excalidraw-0.9.0/src/locales/pl-PL.json", "JSON", 286, 0, 0, 0, 0, 0, 0, 0, 0, 0, 0, 0, 0, 1, 287
"/home/keyhan/Desktop/AsemanWeb/whiteboard/excalidraw-0.9.0/src/locales/pt-BR.json", "JSON", 286, 0, 0, 0, 0, 0, 0, 0, 0, 0, 0, 0, 0, 1, 287
"/home/keyhan/Desktop/AsemanWeb/whiteboard/excalidraw-0.9.0/src/locales/pt-PT.json", "JSON", 286, 0, 0, 0, 0, 0, 0, 0, 0, 0, 0, 0, 0, 1, 287
"/home/keyhan/Desktop/AsemanWeb/whiteboard/excalidraw-0.9.0/src/locales/ro-RO.json", "JSON", 286, 0, 0, 0, 0, 0, 0, 0, 0, 0, 0, 0, 0, 1, 287
"/home/keyhan/Desktop/AsemanWeb/whiteboard/excalidraw-0.9.0/src/locales/ru-RU.json", "JSON", 286, 0, 0, 0, 0, 0, 0, 0, 0, 0, 0, 0, 0, 1, 287
"/home/keyhan/Desktop/AsemanWeb/whiteboard/excalidraw-0.9.0/src/locales/sk-SK.json", "JSON", 286, 0, 0, 0, 0, 0, 0, 0, 0, 0, 0, 0, 0, 1, 287
"/home/keyhan/Desktop/AsemanWeb/whiteboard/excalidraw-0.9.0/src/locales/sv-SE.json", "JSON", 286, 0, 0, 0, 0, 0, 0, 0, 0, 0, 0, 0, 0, 1, 287
"/home/keyhan/Desktop/AsemanWeb/whiteboard/excalidraw-0.9.0/src/locales/tr-TR.json", "JSON", 286, 0, 0, 0, 0, 0, 0, 0, 0, 0, 0, 0, 0, 1, 287
"/home/keyhan/Desktop/AsemanWeb/whiteboard/excalidraw-0.9.0/src/locales/uk-UA.json", "JSON", 286, 0, 0, 0, 0, 0, 0, 0, 0, 0, 0, 0, 0, 1, 287
"/home/keyhan/Desktop/AsemanWeb/whiteboard/excalidraw-0.9.0/src/locales/zh-CN.json", "JSON", 286, 0, 0, 0, 0, 0, 0, 0, 0, 0, 0, 0, 0, 1, 287
"/home/keyhan/Desktop/AsemanWeb/whiteboard/excalidraw-0.9.0/src/locales/zh-TW.json", "JSON", 286, 0, 0, 0, 0, 0, 0, 0, 0, 0, 0, 0, 0, 1, 287
"/home/keyhan/Desktop/AsemanWeb/whiteboard/excalidraw-0.9.0/src/math.test.ts", "TypeScript", 0, 0, 0, 0, 0, 0, 0, 14, 0, 0, 0, 0, 0, 2, 16
"/home/keyhan/Desktop/AsemanWeb/whiteboard/excalidraw-0.9.0/src/math.ts", "TypeScript", 0, 0, 0, 0, 0, 0, 0, 187, 0, 0, 0, 0, 43, 36, 266
"/home/keyhan/Desktop/AsemanWeb/whiteboard/excalidraw-0.9.0/src/packages/excalidraw/CHANGELOG.md", "Markdown", 0, 407, 0, 0, 0, 0, 0, 0, 0, 0, 0, 0, 10, 242, 659
"/home/keyhan/Desktop/AsemanWeb/whiteboard/excalidraw-0.9.0/src/packages/excalidraw/README.md", "Markdown", 0, 693, 0, 0, 0, 0, 0, 0, 0, 0, 0, 0, 0, 235, 928
"/home/keyhan/Desktop/AsemanWeb/whiteboard/excalidraw-0.9.0/src/packages/excalidraw/README_NEXT.md", "Markdown", 0, 694, 0, 0, 0, 0, 0, 0, 0, 0, 0, 0, 2, 238, 934
"/home/keyhan/Desktop/AsemanWeb/whiteboard/excalidraw-0.9.0/src/packages/excalidraw/entry.js", "JavaScript", 0, 0, 4, 0, 0, 0, 0, 0, 0, 0, 0, 0, 0, 3, 7
"/home/keyhan/Desktop/AsemanWeb/whiteboard/excalidraw-0.9.0/src/packages/excalidraw/index.tsx", "TypeScript React", 0, 0, 0, 0, 0, 0, 0, 0, 165, 0, 0, 0, 3, 19, 187
"/home/keyhan/Desktop/AsemanWeb/whiteboard/excalidraw-0.9.0/src/packages/excalidraw/main.js", "JavaScript", 0, 0, 5, 0, 0, 0, 0, 0, 0, 0, 0, 0, 0, 1, 6
"/home/keyhan/Desktop/AsemanWeb/whiteboard/excalidraw-0.9.0/src/packages/excalidraw/package.json", "JSON", 7, 0, 0, 0, 0, 0, 0, 0, 0, 0, 0, 0, 73, 0, 80
"/home/keyhan/Desktop/AsemanWeb/whiteboard/excalidraw-0.9.0/src/packages/excalidraw/publicPath.js", "JavaScript", 0, 0, 7, 0, 0, 0, 0, 0, 0, 0, 0, 0, 2, 1, 10
"/home/keyhan/Desktop/AsemanWeb/whiteboard/excalidraw-0.9.0/src/packages/excalidraw/webpack.dev.config.js", "JavaScript", 0, 0, 93, 0, 0, 0, 0, 0, 0, 0, 0, 0, 0, 2, 95
"/home/keyhan/Desktop/AsemanWeb/whiteboard/excalidraw-0.9.0/src/packages/excalidraw/webpack.prod.config.js", "JavaScript", 0, 0, 121, 0, 0, 0, 0, 0, 0, 0, 0, 0, 0, 2, 123
"/home/keyhan/Desktop/AsemanWeb/whiteboard/excalidraw-0.9.0/src/packages/tsconfig.dev.json", "JSON", 11, 0, 0, 0, 0, 0, 0, 0, 0, 0, 0, 0, 0, 1, 12
"/home/keyhan/Desktop/AsemanWeb/whiteboard/excalidraw-0.9.0/src/packages/tsconfig.prod.json", "JSON", 9, 0, 0, 0, 0, 0, 0, 0, 0, 0, 0, 0, 0, 1, 10
"/home/keyhan/Desktop/AsemanWeb/whiteboard/excalidraw-0.9.0/src/packages/utils.ts", "TypeScript", 0, 0, 0, 0, 0, 0, 0, 86, 0, 0, 0, 0, 0, 13, 99
"/home/keyhan/Desktop/AsemanWeb/whiteboard/excalidraw-0.9.0/src/packages/utils/CHANGELOG.md", "Markdown", 0, 6, 0, 0, 0, 0, 0, 0, 0, 0, 0, 0, 0, 6, 12
"/home/keyhan/Desktop/AsemanWeb/whiteboard/excalidraw-0.9.0/src/packages/utils/README.md", "Markdown", 0, 78, 0, 0, 0, 0, 0, 0, 0, 0, 0, 0, 0, 22, 100
"/home/keyhan/Desktop/AsemanWeb/whiteboard/excalidraw-0.9.0/src/packages/utils/index.js", "JavaScript", 0, 0, 1, 0, 0, 0, 0, 0, 0, 0, 0, 0, 0, 1, 2
"/home/keyhan/Desktop/AsemanWeb/whiteboard/excalidraw-0.9.0/src/packages/utils/package.json", "JSON", 6, 0, 0, 0, 0, 0, 0, 0, 0, 0, 0, 0, 57, 0, 63
"/home/keyhan/Desktop/AsemanWeb/whiteboard/excalidraw-0.9.0/src/packages/utils/webpack.prod.config.js", "JavaScript", 0, 0, 47, 0, 0, 0, 0, 0, 0, 0, 0, 0, 0, 2, 49
"/home/keyhan/Desktop/AsemanWeb/whiteboard/excalidraw-0.9.0/src/points.ts", "TypeScript", 0, 0, 0, 0, 0, 0, 0, 44, 0, 0, 0, 0, 1, 10, 55
"/home/keyhan/Desktop/AsemanWeb/whiteboard/excalidraw-0.9.0/src/pwacompat.d.ts", "TypeScript", 0, 0, 0, 0, 0, 0, 0, 1, 0, 0, 0, 0, 0, 1, 2
"/home/keyhan/Desktop/AsemanWeb/whiteboard/excalidraw-0.9.0/src/random.ts", "TypeScript", 0, 0, 0, 0, 0, 0, 0, 11, 0, 0, 0, 0, 0, 5, 16
"/home/keyhan/Desktop/AsemanWeb/whiteboard/excalidraw-0.9.0/src/react-app-env.d.ts", "TypeScript", 0, 0, 0, 0, 0, 0, 0, 0, 0, 0, 0, 0, 1, 1, 2
"/home/keyhan/Desktop/AsemanWeb/whiteboard/excalidraw-0.9.0/src/renderer/index.ts", "TypeScript", 0, 0, 0, 0, 0, 0, 0, 1, 0, 0, 0, 0, 0, 1, 2
"/home/keyhan/Desktop/AsemanWeb/whiteboard/excalidraw-0.9.0/src/renderer/renderElement.ts", "TypeScript", 0, 0, 0, 0, 0, 0, 0, 738, 0, 0, 0, 0, 34, 73, 845
"/home/keyhan/Desktop/AsemanWeb/whiteboard/excalidraw-0.9.0/src/renderer/renderScene.ts", "TypeScript", 0, 0, 0, 0, 0, 0, 0, 758, 0, 0, 0, 0, 25, 76, 859
"/home/keyhan/Desktop/AsemanWeb/whiteboard/excalidraw-0.9.0/src/renderer/roundRect.ts", "TypeScript", 0, 0, 0, 0, 0, 0, 0, 27, 0, 0, 0, 0, 10, 1, 38
"/home/keyhan/Desktop/AsemanWeb/whiteboard/excalidraw-0.9.0/src/scene/Scene.ts", "TypeScript", 0, 0, 0, 0, 0, 0, 0, 104, 0, 0, 0, 0, 11, 23, 138
"/home/keyhan/Desktop/AsemanWeb/whiteboard/excalidraw-0.9.0/src/scene/comparisons.ts", "TypeScript", 0, 0, 0, 0, 0, 0, 0, 70, 0, 0, 0, 0, 6, 12, 88
"/home/keyhan/Desktop/AsemanWeb/whiteboard/excalidraw-0.9.0/src/scene/export.ts", "TypeScript", 0, 0, 0, 0, 0, 0, 0, 153, 0, 0, 0, 0, 3, 16, 172
"/home/keyhan/Desktop/AsemanWeb/whiteboard/excalidraw-0.9.0/src/scene/index.ts", "TypeScript", 0, 0, 0, 0, 0, 0, 0, 21, 0, 0, 0, 0, 0, 1, 22
"/home/keyhan/Desktop/AsemanWeb/whiteboard/excalidraw-0.9.0/src/scene/scroll.ts", "TypeScript", 0, 0, 0, 0, 0, 0, 0, 80, 0, 0, 0, 0, 0, 9, 89
"/home/keyhan/Desktop/AsemanWeb/whiteboard/excalidraw-0.9.0/src/scene/scrollbars.ts", "TypeScript", 0, 0, 0, 0, 0, 0, 0, 118, 0, 0, 0, 0, 5, 12, 135
"/home/keyhan/Desktop/AsemanWeb/whiteboard/excalidraw-0.9.0/src/scene/selection.ts", "TypeScript", 0, 0, 0, 0, 0, 0, 0, 59, 0, 0, 0, 0, 4, 7, 70
"/home/keyhan/Desktop/AsemanWeb/whiteboard/excalidraw-0.9.0/src/scene/types.ts", "TypeScript", 0, 0, 0, 0, 0, 0, 0, 42, 0, 0, 0, 0, 1, 6, 49
"/home/keyhan/Desktop/AsemanWeb/whiteboard/excalidraw-0.9.0/src/scene/zoom.ts", "TypeScript", 0, 0, 0, 0, 0, 0, 0, 28, 0, 0, 0, 0, 0, 3, 31
"/home/keyhan/Desktop/AsemanWeb/whiteboard/excalidraw-0.9.0/src/service-worker.js", "JavaScript", 0, 0, 40, 0, 0, 0, 0, 0, 0, 0, 0, 0, 17, 10, 67
"/home/keyhan/Desktop/AsemanWeb/whiteboard/excalidraw-0.9.0/src/serviceWorker.tsx", "TypeScript React", 0, 0, 0, 0, 0, 0, 0, 0, 102, 0, 0, 0, 31, 16, 149
"/home/keyhan/Desktop/AsemanWeb/whiteboard/excalidraw-0.9.0/src/setupTests.ts", "TypeScript", 0, 0, 0, 0, 0, 0, 0, 10, 0, 0, 0, 0, 2, 2, 14
"/home/keyhan/Desktop/AsemanWeb/whiteboard/excalidraw-0.9.0/src/shapes.tsx", "TypeScript React", 0, 0, 0, 0, 0, 0, 0, 0, 97, 0, 0, 0, 9, 3, 109
"/home/keyhan/Desktop/AsemanWeb/whiteboard/excalidraw-0.9.0/src/tests/align.test.tsx", "TypeScript React", 0, 0, 0, 0, 0, 0, 0, 0, 415, 0, 0, 0, 24, 143, 582
"/home/keyhan/Desktop/AsemanWeb/whiteboard/excalidraw-0.9.0/src/tests/appState.test.tsx", "TypeScript React", 0, 0, 0, 0, 0, 0, 0, 0, 44, 0, 0, 0, 2, 7, 53
"/home/keyhan/Desktop/AsemanWeb/whiteboard/excalidraw-0.9.0/src/tests/binding.test.tsx", "TypeScript React", 0, 0, 0, 0, 0, 0, 0, 0, 165, 0, 0, 0, 12, 40, 217
"/home/keyhan/Desktop/AsemanWeb/whiteboard/excalidraw-0.9.0/src/tests/charts.test.tsx", "TypeScript React", 0, 0, 0, 0, 0, 0, 0, 0, 12, 0, 0, 0, 0, 2, 14
"/home/keyhan/Desktop/AsemanWeb/whiteboard/excalidraw-0.9.0/src/tests/clients.test.ts", "TypeScript", 0, 0, 0, 0, 0, 0, 0, 31, 0, 0, 0, 0, 0, 9, 40
"/home/keyhan/Desktop/AsemanWeb/whiteboard/excalidraw-0.9.0/src/tests/collab.test.tsx", "TypeScript React", 0, 0, 0, 0, 0, 0, 0, 0, 69, 0, 0, 0, 2, 7, 78
"/home/keyhan/Desktop/AsemanWeb/whiteboard/excalidraw-0.9.0/src/tests/contextmenu.test.tsx", "TypeScript React", 0, 0, 0, 0, 0, 0, 0, 0, 487, 0, 0, 0, 11, 73, 571
"/home/keyhan/Desktop/AsemanWeb/whiteboard/excalidraw-0.9.0/src/tests/data/restore.test.ts", "TypeScript", 0, 0, 0, 0, 0, 0, 0, 438, 0, 0, 0, 0, 0, 101, 539
"/home/keyhan/Desktop/AsemanWeb/whiteboard/excalidraw-0.9.0/src/tests/dragCreate.test.tsx", "TypeScript React", 0, 0, 0, 0, 0, 0, 0, 0, 192, 0, 0, 0, 38, 76, 306
"/home/keyhan/Desktop/AsemanWeb/whiteboard/excalidraw-0.9.0/src/tests/export.test.tsx", "TypeScript React", 0, 0, 0, 0, 0, 0, 0, 0, 91, 0, 0, 0, 3, 12, 106
"/home/keyhan/Desktop/AsemanWeb/whiteboard/excalidraw-0.9.0/src/tests/fixtures/diagramFixture.ts", "TypeScript", 0, 0, 0, 0, 0, 0, 0, 28, 0, 0, 0, 0, 0, 4, 32
"/home/keyhan/Desktop/AsemanWeb/whiteboard/excalidraw-0.9.0/src/tests/fixtures/elementFixture.ts", "TypeScript", 0, 0, 0, 0, 0, 0, 0, 35, 0, 0, 0, 0, 0, 3, 38
"/home/keyhan/Desktop/AsemanWeb/whiteboard/excalidraw-0.9.0/src/tests/fixtures/smiley_embedded_v2.svg", "XML", 0, 0, 0, 15, 0, 0, 0, 0, 0, 0, 0, 0, 1, 1, 17
"/home/keyhan/Desktop/AsemanWeb/whiteboard/excalidraw-0.9.0/src/tests/fixtures/test_embedded_v1.svg", "XML", 0, 0, 0, 15, 0, 0, 0, 0, 0, 0, 0, 0, 1, 1, 17
"/home/keyhan/Desktop/AsemanWeb/whiteboard/excalidraw-0.9.0/src/tests/flip.test.tsx", "TypeScript React", 0, 0, 0, 0, 0, 0, 0, 0, 350, 0, 0, 0, 59, 207, 616
"/home/keyhan/Desktop/AsemanWeb/whiteboard/excalidraw-0.9.0/src/tests/geometricAlgebra.test.ts", "TypeScript", 0, 0, 0, 0, 0, 0, 0, 65, 0, 0, 0, 0, 0, 6, 71
"/home/keyhan/Desktop/AsemanWeb/whiteboard/excalidraw-0.9.0/src/tests/helpers/api.ts", "TypeScript", 0, 0, 0, 0, 0, 0, 0, 200, 0, 0, 0, 0, 4, 15, 219
"/home/keyhan/Desktop/AsemanWeb/whiteboard/excalidraw-0.9.0/src/tests/helpers/ui.ts", "TypeScript", 0, 0, 0, 0, 0, 0, 0, 247, 0, 0, 0, 0, 17, 41, 305
"/home/keyhan/Desktop/AsemanWeb/whiteboard/excalidraw-0.9.0/src/tests/history.test.tsx", "TypeScript React", 0, 0, 0, 0, 0, 0, 0, 0, 168, 0, 0, 0, 3, 19, 190
"/home/keyhan/Desktop/AsemanWeb/whiteboard/excalidraw-0.9.0/src/tests/library.test.tsx", "TypeScript React", 0, 0, 0, 0, 0, 0, 0, 0, 55, 0, 0, 0, 1, 6, 62
"/home/keyhan/Desktop/AsemanWeb/whiteboard/excalidraw-0.9.0/src/tests/move.test.tsx", "TypeScript React", 0, 0, 0, 0, 0, 0, 0, 0, 112, 0, 0, 0, 13, 29, 154
"/home/keyhan/Desktop/AsemanWeb/whiteboard/excalidraw-0.9.0/src/tests/multiPointCreate.test.tsx", "TypeScript React", 0, 0, 0, 0, 0, 0, 0, 0, 119, 0, 0, 0, 14, 33, 166
"/home/keyhan/Desktop/AsemanWeb/whiteboard/excalidraw-0.9.0/src/tests/packages/excalidraw.test.tsx", "TypeScript React", 0, 0, 0, 0, 0, 0, 0, 0, 201, 0, 0, 0, 0, 43, 244
"/home/keyhan/Desktop/AsemanWeb/whiteboard/excalidraw-0.9.0/src/tests/packages/utils.test.ts", "TypeScript", 0, 0, 0, 0, 0, 0, 0, 107, 0, 0, 0, 0, 1, 22, 130
"/home/keyhan/Desktop/AsemanWeb/whiteboard/excalidraw-0.9.0/src/tests/queries/toolQueries.ts", "TypeScript", 0, 0, 0, 0, 0, 0, 0, 31, 0, 0, 0, 0, 0, 6, 37
"/home/keyhan/Desktop/AsemanWeb/whiteboard/excalidraw-0.9.0/src/tests/regressionTests.test.tsx", "TypeScript React", 0, 0, 0, 0, 0, 0, 0, 0, 866, 0, 0, 0, 60, 210, 1136
"/home/keyhan/Desktop/AsemanWeb/whiteboard/excalidraw-0.9.0/src/tests/resize.test.tsx", "TypeScript React", 0, 0, 0, 0, 0, 0, 0, 0, 130, 0, 0, 0, 2, 12, 144
"/home/keyhan/Desktop/AsemanWeb/whiteboard/excalidraw-0.9.0/src/tests/scene/export.test.ts", "TypeScript", 0, 0, 0, 0, 0, 0, 0, 75, 0, 0, 0, 0, 0, 16, 91
"/home/keyhan/Desktop/AsemanWeb/whiteboard/excalidraw-0.9.0/src/tests/scroll.test.tsx", "TypeScript React", 0, 0, 0, 0, 0, 0, 0, 0, 47, 0, 0, 0, 1, 7, 55
"/home/keyhan/Desktop/AsemanWeb/whiteboard/excalidraw-0.9.0/src/tests/selection.test.tsx", "TypeScript React", 0, 0, 0, 0, 0, 0, 0, 0, 299, 0, 0, 0, 40, 45, 384
"/home/keyhan/Desktop/AsemanWeb/whiteboard/excalidraw-0.9.0/src/tests/test-utils.ts", "TypeScript", 0, 0, 0, 0, 0, 0, 0, 109, 0, 0, 0, 0, 18, 21, 148
"/home/keyhan/Desktop/AsemanWeb/whiteboard/excalidraw-0.9.0/src/tests/utils.test.ts", "TypeScript", 0, 0, 0, 0, 0, 0, 0, 11, 0, 0, 0, 0, 0, 3, 14
"/home/keyhan/Desktop/AsemanWeb/whiteboard/excalidraw-0.9.0/src/tests/viewMode.test.tsx", "TypeScript React", 0, 0, 0, 0, 0, 0, 0, 0, 45, 0, 0, 0, 4, 10, 59
"/home/keyhan/Desktop/AsemanWeb/whiteboard/excalidraw-0.9.0/src/tests/zindex.test.tsx", "TypeScript React", 0, 0, 0, 0, 0, 0, 0, 0, 917, 0, 0, 0, 62, 77, 1056
"/home/keyhan/Desktop/AsemanWeb/whiteboard/excalidraw-0.9.0/src/types.ts", "TypeScript", 0, 0, 0, 0, 0, 0, 0, 279, 0, 0, 0, 0, 31, 22, 332
"/home/keyhan/Desktop/AsemanWeb/whiteboard/excalidraw-0.9.0/src/utils.ts", "TypeScript", 0, 0, 0, 0, 0, 0, 0, 382, 0, 0, 0, 0, 21, 43, 446
"/home/keyhan/Desktop/AsemanWeb/whiteboard/excalidraw-0.9.0/src/zindex.ts", "TypeScript", 0, 0, 0, 0, 0, 0, 0, 247, 0, 0, 0, 0, 17, 36, 300
"/home/keyhan/Desktop/AsemanWeb/whiteboard/excalidraw-0.9.0/tsconfig-types.json", "JSON", 18, 0, 0, 0, 0, 0, 0, 0, 0, 0, 0, 0, 0, 1, 19
"/home/keyhan/Desktop/AsemanWeb/whiteboard/excalidraw-0.9.0/tsconfig.json", "JSON", 21, 0, 0, 0, 0, 0, 0, 0, 0, 0, 0, 0, 0, 1, 22
"/home/keyhan/Desktop/AsemanWeb/whiteboard/excalidraw-0.9.0/vercel.json", "JSON", 26, 0, 0, 0, 0, 0, 0, 0, 0, 0, 0, 0, 0, 1, 27
"Total", "-", 11199, 2035, 789, 48, 274, 0, 10, 13504, 18807, 2209, 10, 161, 1844, 5481, 56371